sampleid	well_position	project
18QY0182	A-A01	HarborSealScat_HS_5-6_SPID.0185-0186
18QY0183	A-B01	HarborSealScat_HS_5-6_SPID.0185-0186
18QY0184	A-C01	HarborSealScat_HS_5-6_SPID.0185-0186
18QY0185	A-D01	HarborSealScat_HS_5-6_SPID.0185-0186
18QY0186	A-E01	HarborSealScat_HS_5-6_SPID.0185-0186
18QY0187	A-F01	HarborSealScat_HS_5-6_SPID.0185-0186
18QY0188	A-G01	HarborSealScat_HS_5-6_SPID.0185-0186
18QY0189	A-H01	HarborSealScat_HS_5-6_SPID.0185-0186
18QY0190	A-A02	HarborSealScat_HS_5-6_SPID.0185-0186
18QY0191	A-B02	HarborSealScat_HS_5-6_SPID.0185-0186
18QY0192	A-C02	HarborSealScat_HS_5-6_SPID.0185-0186
18QY0193	A-D02	HarborSealScat_HS_5-6_SPID.0185-0186
18QY0194	A-E02	HarborSealScat_HS_5-6_SPID.0185-0186
18QY0195	A-F02	HarborSealScat_HS_5-6_SPID.0185-0186
18QY0196	A-G02	HarborSealScat_HS_5-6_SPID.0185-0186
18QY0197	A-H02	HarborSealScat_HS_5-6_SPID.0185-0186
18QY0198	A-A03	HarborSealScat_HS_5-6_SPID.0185-0186
18QY0199	A-B03	HarborSealScat_HS_5-6_SPID.0185-0186
18QY0200	A-C03	HarborSealScat_HS_5-6_SPID.0185-0186
18QY0201	A-D03	HarborSealScat_HS_5-6_SPID.0185-0186
18QY0202	A-E03	HarborSealScat_HS_5-6_SPID.0185-0186
18QY0203	A-F03	HarborSealScat_HS_5-6_SPID.0185-0186
18QY0204	A-G03	HarborSealScat_HS_5-6_SPID.0185-0186
18QY0205	A-H03	HarborSealScat_HS_5-6_SPID.0185-0186
18QY0206	A-A04	HarborSealScat_HS_5-6_SPID.0185-0186
18QY0207	A-B04	HarborSealScat_HS_5-6_SPID.0185-0186
18QY0208	A-C04	HarborSealScat_HS_5-6_SPID.0185-0186
18QY0209	A-D04	HarborSealScat_HS_5-6_SPID.0185-0186
18QY0210	A-E04	HarborSealScat_HS_5-6_SPID.0185-0186
18QY0211	A-F04	HarborSealScat_HS_5-6_SPID.0185-0186
18QY0212	A-G04	HarborSealScat_HS_5-6_SPID.0185-0186
18QY0213	A-H04	HarborSealScat_HS_5-6_SPID.0185-0186
18QY0214	A-A05	HarborSealScat_HS_5-6_SPID.0185-0186
18QY0215	A-B05	HarborSealScat_HS_5-6_SPID.0185-0186
18QY0216	A-C05	HarborSealScat_HS_5-6_SPID.0185-0186
18QY0238	A-D05	HarborSealScat_HS_5-6_SPID.0185-0186
18QY0239	A-E05	HarborSealScat_HS_5-6_SPID.0185-0186
18QY0240	A-F05	HarborSealScat_HS_5-6_SPID.0185-0186
18QY0241	A-G05	HarborSealScat_HS_5-6_SPID.0185-0186
18QY0242	A-H05	HarborSealScat_HS_5-6_SPID.0185-0186
18QY0243	A-A06	HarborSealScat_HS_5-6_SPID.0185-0186
18QY0244	A-B06	HarborSealScat_HS_5-6_SPID.0185-0186
18QY0245	A-C06	HarborSealScat_HS_5-6_SPID.0185-0186
18QY0246	A-D06	HarborSealScat_HS_5-6_SPID.0185-0186
18QY0246-2	A-E06	HarborSealScat_HS_5-6_SPID.0185-0186
18QY0247	A-F06	HarborSealScat_HS_5-6_SPID.0185-0186
18QY0248	A-G06	HarborSealScat_HS_5-6_SPID.0185-0186
18QY0249	A-H06	HarborSealScat_HS_5-6_SPID.0185-0186
18QY0250	A-A07	HarborSealScat_HS_5-6_SPID.0185-0186
18QY0251	A-B07	HarborSealScat_HS_5-6_SPID.0185-0186
18QY0252	A-C07	HarborSealScat_HS_5-6_SPID.0185-0186
18QY0253	A-D07	HarborSealScat_HS_5-6_SPID.0185-0186
18QY0254	A-E07	HarborSealScat_HS_5-6_SPID.0185-0186
18QY0255	A-F07	HarborSealScat_HS_5-6_SPID.0185-0186
18QY0256	A-G07	HarborSealScat_HS_5-6_SPID.0185-0186
18QY0257	A-H07	HarborSealScat_HS_5-6_SPID.0185-0186
18QY0258	A-A08	HarborSealScat_HS_5-6_SPID.0185-0186
18QY0259	A-B08	HarborSealScat_HS_5-6_SPID.0185-0186
18QY0260	A-C08	HarborSealScat_HS_5-6_SPID.0185-0186
18QY0261	A-D08	HarborSealScat_HS_5-6_SPID.0185-0186
18QY0262	A-E08	HarborSealScat_HS_5-6_SPID.0185-0186
18QY0263	A-F08	HarborSealScat_HS_5-6_SPID.0185-0186
18QY0264	A-G08	HarborSealScat_HS_5-6_SPID.0185-0186
18QY0265	A-H08	HarborSealScat_HS_5-6_SPID.0185-0186
18QY0266	A-A09	HarborSealScat_HS_5-6_SPID.0185-0186
18QY0267	A-B09	HarborSealScat_HS_5-6_SPID.0185-0186
18QY0268	A-C09	HarborSealScat_HS_5-6_SPID.0185-0186
18QY0269	A-D09	HarborSealScat_HS_5-6_SPID.0185-0186
18QY0270	A-E09	HarborSealScat_HS_5-6_SPID.0185-0186
18QY0271	A-F09	HarborSealScat_HS_5-6_SPID.0185-0186
18QY0272	A-G09	HarborSealScat_HS_5-6_SPID.0185-0186
18QY0273	A-H09	HarborSealScat_HS_5-6_SPID.0185-0186
18QY0274	A-A10	HarborSealScat_HS_5-6_SPID.0185-0186
18QY0275	A-B10	HarborSealScat_HS_5-6_SPID.0185-0186
18QY0276	A-C10	HarborSealScat_HS_5-6_SPID.0185-0186
18QY0277	A-D10	HarborSealScat_HS_5-6_SPID.0185-0186
18QY0278	A-E10	HarborSealScat_HS_5-6_SPID.0185-0186
18QY0279	A-F10	HarborSealScat_HS_5-6_SPID.0185-0186
18QY0280	A-G10	HarborSealScat_HS_5-6_SPID.0185-0186
18QY0281	A-H10	HarborSealScat_HS_5-6_SPID.0185-0186
18QY0282	A-A11	HarborSealScat_HS_5-6_SPID.0185-0186
18QY0283	A-B11	HarborSealScat_HS_5-6_SPID.0185-0186
18QY0284	A-C11	HarborSealScat_HS_5-6_SPID.0185-0186
18QY0285	A-D11	HarborSealScat_HS_5-6_SPID.0185-0186
18QY0286	A-E11	HarborSealScat_HS_5-6_SPID.0185-0186
18QY0287	A-F11	HarborSealScat_HS_5-6_SPID.0185-0186
18QY0288	A-G11	HarborSealScat_HS_5-6_SPID.0185-0186
18QY0289	A-H11	HarborSealScat_HS_5-6_SPID.0185-0186
18QY0290	A-A12	HarborSealScat_HS_5-6_SPID.0185-0186
18QY0291	A-B12	HarborSealScat_HS_5-6_SPID.0185-0186
18QY0292	A-C12	HarborSealScat_HS_5-6_SPID.0185-0186
18QY0293	A-D12	HarborSealScat_HS_5-6_SPID.0185-0186
18QY0294_1	A-E12	HarborSealScat_HS_5-6_SPID.0185-0186
18QY0294_2	A-F12	HarborSealScat_HS_5-6_SPID.0185-0186
18QY0294_3	A-G12	HarborSealScat_HS_5-6_SPID.0185-0186
Kang_HS_05	A-H12	HarborSealScat_HS_5-6_SPID.0185-0186
18QY0295	B-A01	HarborSealScat_HS_5-6_SPID.0185-0186
18QY0296	B-B01	HarborSealScat_HS_5-6_SPID.0185-0186
18QY0297	B-C01	HarborSealScat_HS_5-6_SPID.0185-0186
18QY0298	B-D01	HarborSealScat_HS_5-6_SPID.0185-0186
18QY0299	B-E01	HarborSealScat_HS_5-6_SPID.0185-0186
18QY0300	B-F01	HarborSealScat_HS_5-6_SPID.0185-0186
18QY0301	B-G01	HarborSealScat_HS_5-6_SPID.0185-0186
18QY0302	B-H01	HarborSealScat_HS_5-6_SPID.0185-0186
18QY0303	B-A02	HarborSealScat_HS_5-6_SPID.0185-0186
18QY0304	B-B02	HarborSealScat_HS_5-6_SPID.0185-0186
18QY0305	B-C02	HarborSealScat_HS_5-6_SPID.0185-0186
18QY0306	B-D02	HarborSealScat_HS_5-6_SPID.0185-0186
18QY0307	B-E02	HarborSealScat_HS_5-6_SPID.0185-0186
18QY0308	B-F02	HarborSealScat_HS_5-6_SPID.0185-0186
18QY0309	B-G02	HarborSealScat_HS_5-6_SPID.0185-0186
18QY0310	B-H02	HarborSealScat_HS_5-6_SPID.0185-0186
18QY0311	B-A03	HarborSealScat_HS_5-6_SPID.0185-0186
18QY0312	B-B03	HarborSealScat_HS_5-6_SPID.0185-0186
18QY0313	B-C03	HarborSealScat_HS_5-6_SPID.0185-0186
18QY0314	B-D03	HarborSealScat_HS_5-6_SPID.0185-0186
18QY0315	B-E03	HarborSealScat_HS_5-6_SPID.0185-0186
18QY0316	B-F03	HarborSealScat_HS_5-6_SPID.0185-0186
18QY0317	B-G03	HarborSealScat_HS_5-6_SPID.0185-0186
18QY0318	B-H03	HarborSealScat_HS_5-6_SPID.0185-0186
18QY0319	B-A04	HarborSealScat_HS_5-6_SPID.0185-0186
18QY0320	B-B04	HarborSealScat_HS_5-6_SPID.0185-0186
18QY0321	B-C04	HarborSealScat_HS_5-6_SPID.0185-0186
18QY0322	B-D04	HarborSealScat_HS_5-6_SPID.0185-0186
18QY0323	B-E04	HarborSealScat_HS_5-6_SPID.0185-0186
18QY0324	B-F04	HarborSealScat_HS_5-6_SPID.0185-0186
18QY0325	B-G04	HarborSealScat_HS_5-6_SPID.0185-0186
18QY0326	B-H04	HarborSealScat_HS_5-6_SPID.0185-0186
18QY0327	B-A05	HarborSealScat_HS_5-6_SPID.0185-0186
18QY0328	B-B05	HarborSealScat_HS_5-6_SPID.0185-0186
18QY0329	B-C05	HarborSealScat_HS_5-6_SPID.0185-0186
18QY0330	B-D05	HarborSealScat_HS_5-6_SPID.0185-0186
18QY0331	B-E05	HarborSealScat_HS_5-6_SPID.0185-0186
18QY0332	B-F05	HarborSealScat_HS_5-6_SPID.0185-0186
18QY0333	B-G05	HarborSealScat_HS_5-6_SPID.0185-0186
18QY0334	B-H05	HarborSealScat_HS_5-6_SPID.0185-0186
18QY0335	B-A06	HarborSealScat_HS_5-6_SPID.0185-0186
18QY0336	B-B06	HarborSealScat_HS_5-6_SPID.0185-0186
18QY0337	B-C06	HarborSealScat_HS_5-6_SPID.0185-0186
18QY0338	B-D06	HarborSealScat_HS_5-6_SPID.0185-0186
18QY0339	B-E06	HarborSealScat_HS_5-6_SPID.0185-0186
18QY0340	B-F06	HarborSealScat_HS_5-6_SPID.0185-0186
18QY0341	B-G06	HarborSealScat_HS_5-6_SPID.0185-0186
18QY0342	B-H06	HarborSealScat_HS_5-6_SPID.0185-0186
18QY0343	B-A07	HarborSealScat_HS_5-6_SPID.0185-0186
18QY0344	B-B07	HarborSealScat_HS_5-6_SPID.0185-0186
18QY0345	B-C07	HarborSealScat_HS_5-6_SPID.0185-0186
18QY0346	B-D07	HarborSealScat_HS_5-6_SPID.0185-0186
18QY0347	B-E07	HarborSealScat_HS_5-6_SPID.0185-0186
18QY0348	B-F07	HarborSealScat_HS_5-6_SPID.0185-0186
18QY0349	B-G07	HarborSealScat_HS_5-6_SPID.0185-0186
18QY0350	B-H07	HarborSealScat_HS_5-6_SPID.0185-0186
18QY0351	B-A08	HarborSealScat_HS_5-6_SPID.0185-0186
18QY0352	B-B08	HarborSealScat_HS_5-6_SPID.0185-0186
18QY0353	B-C08	HarborSealScat_HS_5-6_SPID.0185-0186
18QY0354	B-D08	HarborSealScat_HS_5-6_SPID.0185-0186
18QY0355	B-E08	HarborSealScat_HS_5-6_SPID.0185-0186
18QY0356	B-F08	HarborSealScat_HS_5-6_SPID.0185-0186
18QY0357	B-G08	HarborSealScat_HS_5-6_SPID.0185-0186
18QY0358	B-H08	HarborSealScat_HS_5-6_SPID.0185-0186
18QY0359	B-A09	HarborSealScat_HS_5-6_SPID.0185-0186
18QY0360	B-B09	HarborSealScat_HS_5-6_SPID.0185-0186
18QY0361	B-C09	HarborSealScat_HS_5-6_SPID.0185-0186
18QY0362	B-D09	HarborSealScat_HS_5-6_SPID.0185-0186
18QY0363	B-E09	HarborSealScat_HS_5-6_SPID.0185-0186
18QY0364	B-F09	HarborSealScat_HS_5-6_SPID.0185-0186
18QY0365	B-G09	HarborSealScat_HS_5-6_SPID.0185-0186
18QY0366	B-H09	HarborSealScat_HS_5-6_SPID.0185-0186
18QY0367	B-A10	HarborSealScat_HS_5-6_SPID.0185-0186
18QY0368	B-B10	HarborSealScat_HS_5-6_SPID.0185-0186
18QY0369	B-C10	HarborSealScat_HS_5-6_SPID.0185-0186
18QY0370	B-D10	HarborSealScat_HS_5-6_SPID.0185-0186
18QY0371	B-E10	HarborSealScat_HS_5-6_SPID.0185-0186
18QY0372	B-F10	HarborSealScat_HS_5-6_SPID.0185-0186
18QY0373	B-G10	HarborSealScat_HS_5-6_SPID.0185-0186
18QY0374	B-H10	HarborSealScat_HS_5-6_SPID.0185-0186
18QY0375	B-A11	HarborSealScat_HS_5-6_SPID.0185-0186
18QY0376	B-B11	HarborSealScat_HS_5-6_SPID.0185-0186
18QY0377	B-C11	HarborSealScat_HS_5-6_SPID.0185-0186
18QY0378	B-D11	HarborSealScat_HS_5-6_SPID.0185-0186
18QY0379	B-E11	HarborSealScat_HS_5-6_SPID.0185-0186
18QY0380	B-F11	HarborSealScat_HS_5-6_SPID.0185-0186
18QY0381	B-G11	HarborSealScat_HS_5-6_SPID.0185-0186
18QY0382	B-H11	HarborSealScat_HS_5-6_SPID.0185-0186
18QY0383	B-A12	HarborSealScat_HS_5-6_SPID.0185-0186
18QY0384	B-B12	HarborSealScat_HS_5-6_SPID.0185-0186
18QY0385	B-C12	HarborSealScat_HS_5-6_SPID.0185-0186
18QY0386	B-D12	HarborSealScat_HS_5-6_SPID.0185-0186
18QY0387_1	B-E12	HarborSealScat_HS_5-6_SPID.0185-0186
18QY0387_2	B-F12	HarborSealScat_HS_5-6_SPID.0185-0186
18QY0387_3	B-G12	HarborSealScat_HS_5-6_SPID.0185-0186
Kang_HS_06	B-H12	HarborSealScat_HS_5-6_SPID.0185-0186
Pv18_551_A	C-A01	HarborSealScat_HS_5-6_SPID.0185-0186
Pv18_552_A	C-B01	HarborSealScat_HS_5-6_SPID.0185-0186
Pv18_553_A	C-C01	HarborSealScat_HS_5-6_SPID.0185-0186
PV18_554_A	C-D01	HarborSealScat_HS_5-6_SPID.0185-0186
Pv18_555_A	C-E01	HarborSealScat_HS_5-6_SPID.0185-0186
Pv18_556_A	C-F01	HarborSealScat_HS_5-6_SPID.0185-0186
Pv18_557_A	C-G01	HarborSealScat_HS_5-6_SPID.0185-0186
Pv18_558_A	C-H01	HarborSealScat_HS_5-6_SPID.0185-0186
Pv18_559_A	C-A02	HarborSealScat_HS_5-6_SPID.0185-0186
Pv18_560_A	C-B02	HarborSealScat_HS_5-6_SPID.0185-0186
Pv18_561_A	C-C02	HarborSealScat_HS_5-6_SPID.0185-0186
Pv18_562_A	C-D02	HarborSealScat_HS_5-6_SPID.0185-0186
Pv18_563_A	C-E02	HarborSealScat_HS_5-6_SPID.0185-0186
Pv18_564_A	C-F02	HarborSealScat_HS_5-6_SPID.0185-0186
Pv18_575_A	C-G02	HarborSealScat_HS_5-6_SPID.0185-0186
Pv18_576_A	C-H02	HarborSealScat_HS_5-6_SPID.0185-0186
Pv18_577_A	C-A03	HarborSealScat_HS_5-6_SPID.0185-0186
Pv18_578_A	C-B03	HarborSealScat_HS_5-6_SPID.0185-0186
Pv18_579_A	C-C03	HarborSealScat_HS_5-6_SPID.0185-0186
PV18_580_A	C-D03	HarborSealScat_HS_5-6_SPID.0185-0186
PV18_581_A	C-E03	HarborSealScat_HS_5-6_SPID.0185-0186
PV18_582_A	C-F03	HarborSealScat_HS_5-6_SPID.0185-0186
PV18_583_A	C-G03	HarborSealScat_HS_5-6_SPID.0185-0186
PV18_584_A	C-H03	HarborSealScat_HS_5-6_SPID.0185-0186
PV18_588_A	C-A04	HarborSealScat_HS_5-6_SPID.0185-0186
PV18_590_A	C-B04	HarborSealScat_HS_5-6_SPID.0185-0186
PV18_595_A	C-C04	HarborSealScat_HS_5-6_SPID.0185-0186
PV18_597_A	C-D04	HarborSealScat_HS_5-6_SPID.0185-0186
PV18_600_A	C-E04	HarborSealScat_HS_5-6_SPID.0185-0186
PV18_602_A	C-F04	HarborSealScat_HS_5-6_SPID.0185-0186
PV18_607_A	C-G04	HarborSealScat_HS_5-6_SPID.0185-0186
PV18_608_A	C-H04	HarborSealScat_HS_5-6_SPID.0185-0186
PV18_609_A	C-A05	HarborSealScat_HS_5-6_SPID.0185-0186
PV18_611_A	C-B05	HarborSealScat_HS_5-6_SPID.0185-0186
PV18_614_A	C-C05	HarborSealScat_HS_5-6_SPID.0185-0186
PV18_616A	C-D05	HarborSealScat_HS_5-6_SPID.0185-0186
Pv18_617_A	C-E05	HarborSealScat_HS_5-6_SPID.0185-0186
Pv18_618_A	C-F05	HarborSealScat_HS_5-6_SPID.0185-0186
Pv18_619_A	C-G05	HarborSealScat_HS_5-6_SPID.0185-0186
Pv18_620_A	C-H05	HarborSealScat_HS_5-6_SPID.0185-0186
Pv18_621_A	C-A06	HarborSealScat_HS_5-6_SPID.0185-0186
Pv18_622_A	C-B06	HarborSealScat_HS_5-6_SPID.0185-0186
Pv18_623_A	C-C06	HarborSealScat_HS_5-6_SPID.0185-0186
Pv18_624_A	C-D06	HarborSealScat_HS_5-6_SPID.0185-0186
Pv18_625_A	C-E06	HarborSealScat_HS_5-6_SPID.0185-0186
Pv18_626_A	C-F06	HarborSealScat_HS_5-6_SPID.0185-0186
Pv18_627_A	C-G06	HarborSealScat_HS_5-6_SPID.0185-0186
Pv18_628_A	C-H06	HarborSealScat_HS_5-6_SPID.0185-0186
Pv18_629_A	C-A07	HarborSealScat_HS_5-6_SPID.0185-0186
Pv18_630_A	C-B07	HarborSealScat_HS_5-6_SPID.0185-0186
Pv18_631_A	C-C07	HarborSealScat_HS_5-6_SPID.0185-0186
Pv18_632_A	C-D07	HarborSealScat_HS_5-6_SPID.0185-0186
Pv18_633_A	C-E07	HarborSealScat_HS_5-6_SPID.0185-0186
Pv18_634_A	C-F07	HarborSealScat_HS_5-6_SPID.0185-0186
Pv18_635_A	C-G07	HarborSealScat_HS_5-6_SPID.0185-0186
Pv18_636_A	C-H07	HarborSealScat_HS_5-6_SPID.0185-0186
Pv18_637_A	C-A08	HarborSealScat_HS_5-6_SPID.0185-0186
Pv18_638_A	C-B08	HarborSealScat_HS_5-6_SPID.0185-0186
Pv18_639_A	C-C08	HarborSealScat_HS_5-6_SPID.0185-0186
Pv18_640_A	C-D08	HarborSealScat_HS_5-6_SPID.0185-0186
Pv18_642_A	C-E08	HarborSealScat_HS_5-6_SPID.0185-0186
Pv18_643_A	C-F08	HarborSealScat_HS_5-6_SPID.0185-0186
Pv18_644_A	C-G08	HarborSealScat_HS_5-6_SPID.0185-0186
Pv18_645_A	C-H08	HarborSealScat_HS_5-6_SPID.0185-0186
Pv18_646_A	C-A09	HarborSealScat_HS_5-6_SPID.0185-0186
Pv18_647_A	C-B09	HarborSealScat_HS_5-6_SPID.0185-0186
Pv18_648_A	C-C09	HarborSealScat_HS_5-6_SPID.0185-0186
Pv18_649_A	C-D09	HarborSealScat_HS_5-6_SPID.0185-0186
Pv18_650_A	C-E09	HarborSealScat_HS_5-6_SPID.0185-0186
Pv18_651_A	C-F09	HarborSealScat_HS_5-6_SPID.0185-0186
Pv18_652_A	C-G09	HarborSealScat_HS_5-6_SPID.0185-0186
Pv18_653_A	C-H09	HarborSealScat_HS_5-6_SPID.0185-0186
Pv18_654_A	C-A10	HarborSealScat_HS_5-6_SPID.0185-0186
Pv18_655_A	C-B10	HarborSealScat_HS_5-6_SPID.0185-0186
Pv18_656_A	C-C10	HarborSealScat_HS_5-6_SPID.0185-0186
Pv18_657_A	C-D10	HarborSealScat_HS_5-6_SPID.0185-0186
Pv18_658_A	C-E10	HarborSealScat_HS_5-6_SPID.0185-0186
Pv18_659_A	C-F10	HarborSealScat_HS_5-6_SPID.0185-0186
Pv18_660_A	C-G10	HarborSealScat_HS_5-6_SPID.0185-0186
Pv18_661_A	C-H10	HarborSealScat_HS_5-6_SPID.0185-0186
Pv18_662_A	C-A11	HarborSealScat_HS_5-6_SPID.0185-0186
Pv18_663_A	C-B11	HarborSealScat_HS_5-6_SPID.0185-0186
Pv18_664_A	C-C11	HarborSealScat_HS_5-6_SPID.0185-0186
Pv18_665_A	C-D11	HarborSealScat_HS_5-6_SPID.0185-0186
Pv18_666_A	C-E11	HarborSealScat_HS_5-6_SPID.0185-0186
Pv18_667_A	C-F11	HarborSealScat_HS_5-6_SPID.0185-0186
Pv18_668A	C-G11	HarborSealScat_HS_5-6_SPID.0185-0186
Pv18_669_A	C-H11	HarborSealScat_HS_5-6_SPID.0185-0186
Pv18_670_A	C-A12	HarborSealScat_HS_5-6_SPID.0185-0186
Pv18_671_A	C-B12	HarborSealScat_HS_5-6_SPID.0185-0186
Pv18_672_A	C-C12	HarborSealScat_HS_5-6_SPID.0185-0186
Pv18_673_A	C-D12	HarborSealScat_HS_5-6_SPID.0185-0186
Pv18_674_A_1	C-E12	HarborSealScat_HS_5-6_SPID.0185-0186
Pv18_674_A_2	C-F12	HarborSealScat_HS_5-6_SPID.0185-0186
Pv18_674_A_3	C-G12	HarborSealScat_HS_5-6_SPID.0185-0186
Kang_SPID.0185	C-H12	HarborSealScat_HS_5-6_SPID.0185-0186
Pv18_675_A	D-A01	HarborSealScat_HS_5-6_SPID.0185-0186
Pv18_676_A	D-B01	HarborSealScat_HS_5-6_SPID.0185-0186
Pv18_677_A	D-C01	HarborSealScat_HS_5-6_SPID.0185-0186
Pv18_678_A	D-D01	HarborSealScat_HS_5-6_SPID.0185-0186
Pv18_679_A	D-E01	HarborSealScat_HS_5-6_SPID.0185-0186
Pv18_680_A	D-F01	HarborSealScat_HS_5-6_SPID.0185-0186
Pv18_681_A	D-G01	HarborSealScat_HS_5-6_SPID.0185-0186
Pv18_682_A	D-H01	HarborSealScat_HS_5-6_SPID.0185-0186
Pv18_683_A	D-A02	HarborSealScat_HS_5-6_SPID.0185-0186
Pv18_684_A	D-B02	HarborSealScat_HS_5-6_SPID.0185-0186
Pv18_685_A	D-C02	HarborSealScat_HS_5-6_SPID.0185-0186
Pv18_686_A	D-D02	HarborSealScat_HS_5-6_SPID.0185-0186
Pv18_687_A	D-E02	HarborSealScat_HS_5-6_SPID.0185-0186
Pv18_688_A	D-F02	HarborSealScat_HS_5-6_SPID.0185-0186
Pv18_689_A	D-G02	HarborSealScat_HS_5-6_SPID.0185-0186
Pv18_690_A	D-H02	HarborSealScat_HS_5-6_SPID.0185-0186
Pv18_691_A	D-A03	HarborSealScat_HS_5-6_SPID.0185-0186
Pv18_692_A	D-B03	HarborSealScat_HS_5-6_SPID.0185-0186
Pv18_693_A	D-C03	HarborSealScat_HS_5-6_SPID.0185-0186
Pv18_694_A	D-D03	HarborSealScat_HS_5-6_SPID.0185-0186
Pv18_695_A	D-E03	HarborSealScat_HS_5-6_SPID.0185-0186
Pv18_696_A	D-F03	HarborSealScat_HS_5-6_SPID.0185-0186
Pv18_697_A	D-G03	HarborSealScat_HS_5-6_SPID.0185-0186
Pv18_698_A	D-H03	HarborSealScat_HS_5-6_SPID.0185-0186
Pv18_699_A	D-A04	HarborSealScat_HS_5-6_SPID.0185-0186
Pv18_700_A	D-B04	HarborSealScat_HS_5-6_SPID.0185-0186
Pv18_701_A	D-C04	HarborSealScat_HS_5-6_SPID.0185-0186
Pv18_702_A	D-D04	HarborSealScat_HS_5-6_SPID.0185-0186
Pv18_703_A	D-E04	HarborSealScat_HS_5-6_SPID.0185-0186
Pv18_704_A	D-F04	HarborSealScat_HS_5-6_SPID.0185-0186
Pv18_705_A	D-G04	HarborSealScat_HS_5-6_SPID.0185-0186
Pv18_706_A	D-H04	HarborSealScat_HS_5-6_SPID.0185-0186
Pv18_707_A	D-A05	HarborSealScat_HS_5-6_SPID.0185-0186
Pv18_708_A	D-B05	HarborSealScat_HS_5-6_SPID.0185-0186
Pv18_709_A	D-C05	HarborSealScat_HS_5-6_SPID.0185-0186
Pv18_710_A	D-D05	HarborSealScat_HS_5-6_SPID.0185-0186
Pv18_711_A	D-E05	HarborSealScat_HS_5-6_SPID.0185-0186
Pv18_712_A	D-F05	HarborSealScat_HS_5-6_SPID.0185-0186
Pv18_713_A	D-G05	HarborSealScat_HS_5-6_SPID.0185-0186
Pv18_714_A	D-H05	HarborSealScat_HS_5-6_SPID.0185-0186
Pv18_715_A	D-A06	HarborSealScat_HS_5-6_SPID.0185-0186
Pv18_716_A	D-B06	HarborSealScat_HS_5-6_SPID.0185-0186
Pv18_717_A	D-C06	HarborSealScat_HS_5-6_SPID.0185-0186
Pv18_718_A	D-D06	HarborSealScat_HS_5-6_SPID.0185-0186
Pv18_719_A	D-E06	HarborSealScat_HS_5-6_SPID.0185-0186
Pv18_720_A	D-F06	HarborSealScat_HS_5-6_SPID.0185-0186
Pv18_721_A	D-G06	HarborSealScat_HS_5-6_SPID.0185-0186
Pv18_722_A	D-H06	HarborSealScat_HS_5-6_SPID.0185-0186
Pv18_723_A	D-A07	HarborSealScat_HS_5-6_SPID.0185-0186
Pv18_724_A	D-B07	HarborSealScat_HS_5-6_SPID.0185-0186
Pv18_725_A	D-C07	HarborSealScat_HS_5-6_SPID.0185-0186
Pv18_726_A	D-D07	HarborSealScat_HS_5-6_SPID.0185-0186
Pv18_727_A	D-E07	HarborSealScat_HS_5-6_SPID.0185-0186
Pv18_728_A	D-F07	HarborSealScat_HS_5-6_SPID.0185-0186
Pv18_729_A	D-G07	HarborSealScat_HS_5-6_SPID.0185-0186
Pv18_730_A	D-H07	HarborSealScat_HS_5-6_SPID.0185-0186
Pv18_731_A	D-A08	HarborSealScat_HS_5-6_SPID.0185-0186
Pv18_732_A	D-B08	HarborSealScat_HS_5-6_SPID.0185-0186
Pv18_733_A	D-C08	HarborSealScat_HS_5-6_SPID.0185-0186
Pv18_734_A	D-D08	HarborSealScat_HS_5-6_SPID.0185-0186
Pv18_735_A	D-E08	HarborSealScat_HS_5-6_SPID.0185-0186
Pv18_736_A	D-F08	HarborSealScat_HS_5-6_SPID.0185-0186
Pv18_737_A	D-G08	HarborSealScat_HS_5-6_SPID.0185-0186
Pv18_738_A	D-H08	HarborSealScat_HS_5-6_SPID.0185-0186
Pv18_739_A	D-A09	HarborSealScat_HS_5-6_SPID.0185-0186
Pv18_740_A	D-B09	HarborSealScat_HS_5-6_SPID.0185-0186
Pv18_741_A	D-C09	HarborSealScat_HS_5-6_SPID.0185-0186
Pv18_742_A	D-D09	HarborSealScat_HS_5-6_SPID.0185-0186
Pv18_743_A	D-E09	HarborSealScat_HS_5-6_SPID.0185-0186
Pv18_744_A	D-F09	HarborSealScat_HS_5-6_SPID.0185-0186
Pv18_745_A	D-G09	HarborSealScat_HS_5-6_SPID.0185-0186
Pv18_746_A	D-H09	HarborSealScat_HS_5-6_SPID.0185-0186
Pv18_747_A	D-A10	HarborSealScat_HS_5-6_SPID.0185-0186
Pv18_748_A	D-B10	HarborSealScat_HS_5-6_SPID.0185-0186
Pv18_749_A	D-C10	HarborSealScat_HS_5-6_SPID.0185-0186
Pv18_750_A	D-D10	HarborSealScat_HS_5-6_SPID.0185-0186
Pv18_751_A	D-E10	HarborSealScat_HS_5-6_SPID.0185-0186
Pv18_752_A	D-F10	HarborSealScat_HS_5-6_SPID.0185-0186
Pv18_753_A	D-G10	HarborSealScat_HS_5-6_SPID.0185-0186
Pv18_754_A	D-H10	HarborSealScat_HS_5-6_SPID.0185-0186
Pv18_755_A	D-A11	HarborSealScat_HS_5-6_SPID.0185-0186
Pv18_756_A	D-B11	HarborSealScat_HS_5-6_SPID.0185-0186
Pv18_757_A	D-C11	HarborSealScat_HS_5-6_SPID.0185-0186
Pv18_758_A	D-D11	HarborSealScat_HS_5-6_SPID.0185-0186
Pv18_759_A	D-E11	HarborSealScat_HS_5-6_SPID.0185-0186
Pv18_760_A	D-F11	HarborSealScat_HS_5-6_SPID.0185-0186
Pv18_761_A	D-G11	HarborSealScat_HS_5-6_SPID.0185-0186
Pv18_762_A	D-H11	HarborSealScat_HS_5-6_SPID.0185-0186
Pv18_763_A	D-A12	HarborSealScat_HS_5-6_SPID.0185-0186
Pv18_764_A	D-B12	HarborSealScat_HS_5-6_SPID.0185-0186
Pv18_765_A	D-C12	HarborSealScat_HS_5-6_SPID.0185-0186
Pv18_766_A	D-D12	HarborSealScat_HS_5-6_SPID.0185-0186
Pv18_767_A_1	D-E12	HarborSealScat_HS_5-6_SPID.0185-0186
Pv18_767_A_2	D-F12	HarborSealScat_HS_5-6_SPID.0185-0186
Pv18_767_A_3	D-G12	HarborSealScat_HS_5-6_SPID.0185-0186
Kang_SPID.0186	D-H12	HarborSealScat_HS_5-6_SPID.0185-0186
